bio-sensor-stimolazione-precoce-cuccioli	/en/bio-sensor-early-stimulation-puppies/	/de/bio-sensor-fruehstimulation-welpen/	Cuccioli	og/neonati-hero.jpg
boas-staffordshire-bull-terrier-respirazione	/en/boas-staffordshire-bull-terrier-breathing/	/de/boas-staffordshire-bull-terrier-atmung/	Salute e Selezione	og-default.jpg
colori-staffordshire-bull-terrier	/en/staffordshire-bull-terrier-colours/	/de/staffordshire-bull-terrier-farben/	Standard e Linee di Sangue	og/colori-staffy-hero.jpg
come-scegliere-allevamento-staffordshire-bull-terrier	/en/how-to-choose-a-staffordshire-bull-terrier-breeder/	/de/wie-waehlt-man-eine-staffordshire-bull-terrier-zucht/	Guida	og/cucciolata-erba.jpg
come-si-legge-un-pedigree	/en/how-to-read-a-pedigree/	/de/wie-man-eine-ahnentafel-liest/	Linee di sangue	og/pedigree-queen-hero.jpg
cuccioli-alimentazione-iniziale	/en/puppy-initial-feeding/	/de/welpen-erste-fuetterung/	Cuccioli	og-default.jpg
cuccioli-educazione-bisogni	/en/puppy-potty-training/	/de/welpen-stubenreinheit/	Cuccioli	og/cucciolo-ritratto-hero.jpg
cuccioli-gestione-solitudine	/en/puppy-alone-time/	/de/welpen-allein-bleiben/	Cuccioli	og/neonati-2-hero.jpg
cuccioli-giochi-mentali	/en/puppy-mental-games/	/de/welpen-denkspiele/	Cuccioli	og-default.jpg
cuccioli-prima-passeggiata	/en/puppy-first-walk/	/de/welpen-erster-spaziergang/	Cuccioli	og-default.jpg
cuccioli-prime-vaccinazioni	/en/puppy-first-vaccinations/	/de/welpen-erste-impfungen/	Cuccioli	og/cuccioli-2.jpg
cuccioli-socializzati-cosa-vuol-dire	/en/socialised-puppies-what-it-means/	/de/sozialisierte-welpen-was-das-heisst/	Cuccioli	og/socializzazione-cortile-hero.jpg
cuccioli-socializzazione-in-casa	/en/puppy-home-socialization/	/de/welpen-sozialisierung-zuhause/	Cuccioli	og/cucciolo-in-mano-hero.jpg
cuccioli-sverminazione-esami-feci	/en/puppy-worming-faecal-tests/	/de/welpen-entwurmung-kotuntersuchung/	Cuccioli	og/esame-feci-microscopio-hero.jpg
cucciolo-staffordshire-bull-terrier-all-estero	/en/staffordshire-bull-terrier-puppy-abroad/	/de/staffordshire-bull-terrier-welpe-ins-ausland/	Affido all'estero	og-default.jpg
diario-allevamento	/en/diario-allevamento/	/de/diario-allevamento/		og-default.jpg
differenza-staffy-amstaff	/en/staffy-or-amstaff-which-breed-suits-you/	/de/staffy-oder-amstaff-welche-rasse-passt-zu-ihnen/	Guida Completa	og/staffy-amstaff-hero.jpg
differenza-staffy-pitbull-amstaff	/en/staffy-pitbull-amstaff-difference/	/de/staffy-pitbull-amstaff-unterschied/	Standard e Linee di Sangue	og/differenza-razze-hero.jpg
famiglia-anziani-rispetto-ritmi	/en/staffy-elderly-owners/	/de/staffy-aeltere-besitzer/	Famiglia e Convivenza	og-default.jpg
famiglia-bambini-convivenza	/en/staffy-children-family/	/de/staffy-kinder-familie/	Famiglia e Convivenza	og-default.jpg
famiglia-convivenza-altri-animali	/en/staffy-other-pets/	/de/staffy-andere-haustiere/	Famiglia e Convivenza	og-default.jpg
famiglia-viaggi-spostamenti	/en/staffy-travel-transport/	/de/staffy-reisen-transport/	Famiglia e Convivenza	og-default.jpg
genitori-visibili-cosa-significa	/en/parents-on-site-what-it-means/	/de/eltern-vor-ort-was-das-bedeutet/	Cuccioli	og-default.jpg
linee-sangue-staffordshire-bull-terrier	/en/staffy-bloodlines-guide/	/de/staffy-blutlinien-guide/	Standard e Linee di Sangue	og/linee-sangue-hero.jpg
quanto-costa-cucciolo-staffordshire-bull-terrier	/en/how-much-does-a-staffordshire-bull-terrier-puppy-cost/	/de/was-kostet-ein-staffordshire-bull-terrier-welpe/	Cuccioli	og/scontrino-farmaci-cucciolata.jpg
salute-denti-igiene	/en/staffy-dental-health/	/de/staffy-zahnpflege/	Salute e Benessere	og-default.jpg
salute-esercizio-sicuro	/en/staffy-safe-exercise/	/de/staffy-sichere-bewegung/	Salute e Benessere	og/esercizio-hero.jpg
salute-parassiti-prevenzione	/en/staffy-parasite-prevention/	/de/staffy-parasitenvorbeugung/	Salute e Benessere	og-default.jpg
staffordshire-bull-terrier-carattere-vita-famiglia	/en/staffordshire-bull-terrier-character-family-life/	/de/staffordshire-bull-terrier-charakter-familienleben/	Famiglia e Convivenza	og/cucciolo-con-cavallo.jpg
staffordshire-bull-terrier-carattere	/en/staffordshire-bull-terrier-temperament/	/de/staffordshire-bull-terrier-wesen/	Conosci la Razza	og/temperamento-staffy-hero.jpg
staffordshire-bull-terrier-e-il-cane-giusto-per-te	/en/is-the-staffordshire-bull-terrier-right-for-you/	/de/ist-der-staffordshire-bull-terrier-der-richtige-hund/	Conoscere la Razza	og-default.jpg
staffordshire-in-famiglia-storie	/en/staffordshire-family-life-stories/	/de/staffordshire-in-der-familie-geschichten/	Famiglia	og/storie-famiglie-hero.jpg
staffy-pericoloso-legge-italia	/en/staffy-dangerous-breed-law/	/de/staffy-gefaehrliche-rasse-gesetz/	Razza e Legislazione	og/staffy-carattere-legge-hero.jpg
standard-linee-di-sangue-orientarsi	/en/choosing-bloodlines/	/de/blutlinien-waehlen/	Standard e Linee di Sangue	og-default.jpg
standard-tipicita-morfologia	/en/staffy-breed-standard/	/de/staffy-rassestandard/	Standard e Linee di Sangue	og-default.jpg
test-genetici-l2hga-hc-staffy	/en/staffy-genetic-testing-l2hga-hc/	/de/staffy-gentests-l2hga-hc/	Salute e Benessere	og-default.jpg
